date,clones,unique_cloners
2026-08-31,0,0
2026-09-01,0,0
2026-09-02,0,0
2026-09-03,0,0
2026-09-04,0,0
2026-09-05,0,0
2026-09-06,0,0
2026-09-07,0,0
2026-09-08,0,0
2026-09-09,0,0
2026-09-10,0,0
2026-09-11,121,33
2026-09-12,0,0
2026-09-13,12,8
2026-09-14,3,3
2026-09-15,138,31
2026-09-16,195,51
2026-09-17,95,35
2026-09-18,156,43
2026-09-19,15,8
2026-09-20,21,8
2026-09-21,115,25
2026-09-22,14,6
2026-09-23,128,49
2026-09-24,168,52
2026-09-25,64,27
2026-09-26,8,5
2026-09-27,6,2
2026-09-28,26,11
2026-09-29,12,3
2026-09-30,32,13
2026-10-01,6,3
2026-10-02,5,2
2026-10-03,4,1
2026-10-04,9,5
