date,views,unique_visitors
2026-08-31,0,0
2026-09-01,0,0
2026-09-02,0,0
2026-09-03,0,0
2026-09-04,0,0
2026-09-05,0,0
2026-09-06,0,0
2026-09-07,0,0
2026-09-08,0,0
2026-09-09,0,0
2026-09-10,0,0
2026-09-11,91,8
2026-09-12,0,0
2026-09-13,12,1
2026-09-14,95,48
2026-09-15,200,58
2026-09-16,72,28
2026-09-17,79,31
2026-09-18,40,8
2026-09-19,21,3
2026-09-20,11,4
2026-09-21,96,16
2026-09-22,7,3
2026-09-23,12,7
2026-09-24,9,4
2026-09-25,34,5
2026-09-26,11,4
2026-09-27,41,3
2026-09-28,41,15
2026-09-29,4,3
2026-09-30,7,3
2026-10-01,6,2
2026-10-02,5,4
2026-10-03,0,0
2026-10-04,1,1
